species,site_id,mk_tau,mk_pvalue,sen_slope,sen_stats,sen_pvalue,lm_slope,lm_pvalue,lm_rsquared,transecto,id_transect,abb_elev,abreviatura,altitud
Aglais urticae,14,0,1,0.10416666666666667,-0,1,-0.6108108108108682,0.8586679089444016,0.004852135087636556,Laguna seca,16_14,LS (2282),LS,2282
Aglais urticae,15,0.06666667014360428,0.8580276966094971,0.5,0.17888543819998318,0.8580276569875211,-0.4655647382920428,0.7992856716795862,0.008564323584560574,Altas cumbres,16_15,AC (3126),AC,3126
Aglais urticae,16,0.09090909361839294,0.7554968595504761,0.5,0.3113995776646092,0.7554968749288828,0.20000000000000046,0.9438736821879914,5.819406035830068e-4,Borreguiles San Juan,16_16,BOSJ (2545),BOSJ,2545
Aglais urticae,17,0.02222222276031971,1,0.3333333333333333,0,1,-0.3939393939393681,0.9094901441604857,0.0017178588607159372,Loma de Papeles Alto,16_17,PA (2400),PA,2400
Aglais urticae,18,0.02222222276031971,1,0.3333333333333333,0,1,-0.3939393939393681,0.9094901441604857,0.0017178588607159372,Loma de Papeles Bajo,16_18,PB (2121),PB,2121
Aglais urticae,20,-0.4000000059604645,0.46243271231651306,-7.375,-0.7348469228349533,0.4624327264504763,-3.0380434782608496,0.26570098111911344,0.383009991959367,Purche,16_20,PU (1442),PU,1442
Aglais urticae,21,0.09090909361839294,0.7554968595504761,0.5,0.3113995776646092,0.7554968749288828,0.20000000000000046,0.9438736821879914,5.819406035830068e-4,Matas Verdes,16_21,MV (1919),MV,1919
Aglais urticae,23,0.06666667014360428,0.8580276966094971,0.5,0.17888543819998318,0.8580276569875211,-0.4655647382920428,0.7992856716795862,0.008564323584560574,Robledal Dílar,16_23,DI (1720),DI,1720
Aglais urticae,24,0.09090909361839294,0.7554968595504761,0.5,0.3113995776646092,0.7554968749288828,0.20000000000000046,0.9438736821879914,5.819406035830068e-4,Campos de Otero,16_24,CO (2248),CO,2248
Aglais urticae,33,0.1666666716337204,0.6021676063537598,0.8333333333333333,0.5212860351426869,0.6021675277481959,0.2150423728813451,0.8812020006185194,0.0034200565414378614,Barranco de San Juan,16_33,BSJ (1362),BSJ,1362
Aglais urticae,34,0.0476190485060215,1,0.6,0,1,-0.12198795180724478,0.9429769887264399,0.0011295180722896564,Catifas,16_34,CAT (1666),CAT,1666
Aglais urticae,35,0.0714285746216774,0.901538610458374,0.5833333333333333,0.12371791482634838,0.9015386266571278,-0.15706806282722824,0.9192777568729111,0.0018580606801330089,Praillos,16_35,PRA (1894),PRA,1894
Aglais urticae,36,0.4000000059604645,0.46243274211883545,2.7083333333333335,0.7348469228349533,0.4624327264504763,1.20270270270265,0.37005377892324465,0.2694877657113286,Sabinas,16_36,SA (2180),SA,2180
Aglais urticae,38,0.0714285746216774,0.901538610458374,0.5833333333333333,0.12371791482634838,0.9015386266571278,0.10656753407681842,0.9460751891565158,8.280455304125341e-4,Carihuela,16_38,CAR (3203),CAR,3203
Aglais urticae,45,0.1111111119389534,0.7544541358947754,1.5,0.3127716210856122,0.754454177494089,-0.4499999999998662,0.9178505440856557,0.0016305320291056119,Dúrcal,16_45,DU (1950),DU,1950
Aglais urticae,48,0.6000000238418579,0.22067129611968994,5.625,1.224744871391589,0.2206713619198468,3.222826086956625,0.6374059180333878,0.08343385442966167,Pitres,16_48,PI (1379),PI,1379
Anthocharis cardamines,23,0.2142857313156128,0.536186695098877,1.2916666666666667,0.6185895741317419,0.5361867719001739,0.9499999999999178,0.6438714367550457,0.037950065703020334,Robledal Dílar,16_23,DI (1720),DI,1720
Anthocharis euphenoides,20,0.4000000059604645,0.46243274211883545,4,0.7348469228349533,0.4624327264504763,2.2462686567163845,0.26015562050751717,0.3899232212639214,Purche,16_20,PU (1442),PU,1442
Anthocharis euphenoides,23,-0.1428571492433548,0.7105230093002319,-0.35,-0.3711537444790451,0.7105230229164895,-0.07615894039754949,0.9573021181067418,5.189321964593482e-4,Robledal Dílar,16_23,DI (1720),DI,1720
Anthocharis euphenoides,32,-0.6000000238418579,0.22067134082317352,-3,-1.224744871391589,0.2206713619198468,-1.7408759124088253,0.2654033485017554,0.3833784904058745,Fabriquilla,16_32,FA (992),FA,992
Anthocharis euphenoides,45,-0.0714285746216774,0.901538610458374,-0.5833333333333333,-0.12371791482634838,0.9015386266571278,0.7976190476189441,0.7069880807692017,0.025258407746888985,Dúrcal,16_45,DU (1950),DU,1950
Anthocharis euphenoides,48,0,1,0,-0,1,0.7657657657657947,0.6617356913066064,0.03406074834647092,Pitres,16_48,PI (1379),PI,1379
Aporia crataegi,20,-0.1111111119389534,0.7544541954994202,-0.8125,-0.3127716210856122,0.754454177494089,-0.5291666666666669,0.4373040617497802,0.08834903593339487,Purche,16_20,PU (1442),PU,1442
Aporia crataegi,21,-0.1111111119389534,0.7205147743225098,-0.6666666666666666,-0.35777087639996635,0.7205147871362553,-0.4719926538108382,0.38725358059575365,0.09461943216020309,Matas Verdes,16_21,MV (1919),MV,1919
Aporia crataegi,23,-0.1111111119389534,0.7544541954994202,-0.875,-0.3127716210856122,0.754454177494089,-0.572398190045254,0.34735773167874434,0.12658806126000238,Robledal Dílar,16_23,DI (1720),DI,1720
Aporia crataegi,34,-0.19999998807907104,0.7071142196655273,-1.2,-0.3757345746510897,0.7071142312899614,-0.6971046770601429,0.4028209074646213,0.17928822014774642,Catifas,16_34,CAT (1666),CAT,1666
Aporia crataegi,45,0.2857142984867096,0.3864762783050537,0.6190476190476191,0.8660254037844386,0.3864762307712327,0.41891891891902816,0.8245952230279296,0.008855428903167636,Dúrcal,16_45,DU (1950),DU,1950
Argynnis pandora,21,0,1,-0.25,-0,1,-4.142276422764503,0.4582248974267563,0.19374734576322286,Matas Verdes,16_21,MV (1919),MV,1919
Argynnis pandora,23,0.0476190485060215,1,1.5,0,1,-2.0180180180189073,0.6291936931158868,0.05017605017610573,Robledal Dílar,16_23,DI (1720),DI,1720
Argynnis pandora,24,0,1,0,-0,1,-3.3088235294111814,0.5564575693502982,0.09312759722516442,Campos de Otero,16_24,CO (2248),CO,2248
Argynnis pandora,33,0.527046263217926,0.31221628189086914,1.375,1.0105823052798228,0.3122163883433193,3.0753424657531503,0.5098442625245911,0.15645012090679264,Barranco de San Juan,16_33,BSJ (1362),BSJ,1362
Argynnis pandora,48,0.08451542258262634,0.8339354991912842,0.6071428571428572,0.20965696734438366,0.833935414088552,-2.3166666666664226,0.6059729788769082,0.039984409922456776,Pitres,16_48,PI (1379),PI,1379
Aricia cramera,18,0.6000000238418579,0.22067129611968994,14.791666666666668,1.224744871391589,0.2206713619198468,9.500000000000009,0.17802574701907642,0.5057893623770593,Loma de Papeles Bajo,16_18,PB (2121),PB,2121
Aricia cramera,20,0.2380952388048172,0.5480055809020996,2.3333333333333335,0.6007514091861106,0.5480055723613093,3.084677419354585,0.41705054617618414,0.13523084388574025,Purche,16_20,PU (1442),PU,1442
Aricia cramera,21,0.2142857313156128,0.536186695098877,4.75,0.6185895741317419,0.5361867719001739,3.751572327043625,0.21172380355991746,0.24559638851828852,Matas Verdes,16_21,MV (1919),MV,1919
Aricia cramera,23,0.1111111119389534,0.7544541358947754,3.2857142857142856,0.3127716210856122,0.754454177494089,1.2554054054053019,0.8306203519085534,0.006993964892125338,Robledal Dílar,16_23,DI (1720),DI,1720
Aricia cramera,32,0,1,-1.625,-0,1,-0.8035714285712989,0.9412595182603911,0.002129919851904092,Fabriquilla,16_32,FA (992),FA,992
Aricia cramera,33,0.19999998807907104,0.7071142196655273,1,0.3757345746510897,0.7071142312899614,3.120000000000511,0.4555331665013733,0.1455297593921836,Barranco de San Juan,16_33,BSJ (1362),BSJ,1362
Aricia cramera,45,0.2222222238779068,0.46551215648651123,3.916666666666667,0.7298004491997617,0.46551216987418653,2.9333333333334064,0.6701919797771971,0.02743472561731932,Dúrcal,16_45,DU (1950),DU,1950
Aricia cramera,48,0.2222222238779068,0.46551215648651123,3.916666666666667,0.7298004491997617,0.46551216987418653,2.9333333333334064,0.6701919797771971,0.02743472561731932,Pitres,16_48,PI (1379),PI,1379
Aricia montensis,21,0.13801309466362,0.8483116626739502,3.6,0.19127301391900148,0.8483117025202374,1.9608540925272637,0.38675926429425467,0.19058574792424932,Matas Verdes,16_21,MV (1919),MV,1919
Aricia montensis,23,-0.14085903763771057,0.674986720085144,-0.8571428571428572,-0.4193139346887673,0.6749867139704894,-0.09057971014495136,0.952472408283445,5.447857466618213e-4,Robledal Dílar,16_23,DI (1720),DI,1720
Aricia montensis,45,0.800000011920929,0.0864107608795166,11.375,1.7146428199482247,0.08641073297370003,8.058139534883358,0.04909883659503113,0.7740907537668825,Dúrcal,16_45,DU (1950),DU,1950
Brintesia circe,18,0.19999998807907104,0.7071142196655273,3,0.3757345746510897,0.7071142312899614,3.571428571429497,0.17342667749352048,0.4062134407904377,Loma de Papeles Bajo,16_18,PB (2121),PB,2121
Brintesia circe,20,0.0714285746216774,0.901538610458374,1.7,0.12371791482634838,0.9015386266571278,3.509554140127101,0.18025950619143782,0.2770039150852373,Purche,16_20,PU (1442),PU,1442
Brintesia circe,23,-0.2142857313156128,0.5361867547035217,-0.75,-0.6185895741317419,0.5361867719001739,2.03839732888121,0.4160036448165176,0.11280801063155355,Robledal Dílar,16_23,DI (1720),DI,1720
Brintesia circe,34,-0.0714285746216774,0.901538610458374,-0.2,-0.12371791482634838,0.9015386266571278,1.6390728476819214,0.5082759952926283,0.07614293647436128,Catifas,16_34,CAT (1666),CAT,1666
Brintesia circe,45,0.0555555559694767,0.9169652462005615,1.0833333333333335,0.10425720702853739,0.9169652366288644,2.466666666666606,0.353456032654152,0.12363034316676692,Dúrcal,16_45,DU (1950),DU,1950
Brintesia circe,48,0.0555555559694767,0.9169652462005615,1.0833333333333335,0.10425720702853739,0.9169652366288644,2.466666666666606,0.353456032654152,0.12363034316676692,Pitres,16_48,PI (1379),PI,1379
Cacyreus marshalli,48,0.1428571492433548,0.7638905048370361,2.3333333333333335,0.3003757045930553,0.7638905934705397,2.685567010308022,0.6914746712483331,0.03418054018248471,Pitres,16_48,PI (1379),PI,1379
Callophrys rubi,20,-0.06666666269302368,1,-3.4,-0,1,-1.2499999999997535,0.5933852438962459,0.07742758243756043,Purche,16_20,PU (1442),PU,1442
Callophrys rubi,48,0.3333333432674408,0.367520809173584,1.5,0.9011271137791659,0.3675207382421431,1.4756097560973886,0.3189702378195536,0.1966396260878655,Pitres,16_48,PI (1379),PI,1379
Celastrina argiolus,48,0.1972026526927948,0.5293681621551514,2.083333333333333,0.628970902033151,0.5293681061847979,3.8666666666668768,0.3747394754060658,0.11376074397634522,Pitres,16_48,PI (1379),PI,1379
Chazara briseis,18,-0.1428571492433548,0.7638905644416809,-2.5,-0.3003757045930553,0.7638905934705397,-1.3821656050952214,0.6419193832868686,0.04662364935576228,Loma de Papeles Bajo,16_18,PB (2121),PB,2121
Chazara briseis,20,0.08451542258262634,0.8339354991912842,1.1166666666666667,0.20965696734438366,0.833935414088552,0.4333333333334542,0.8539986794225494,0.005180870631517308,Purche,16_20,PU (1442),PU,1442
Coenonympha dorus,17,-0.06666666269302368,1,-0.6666666666666666,-0,1,-0.25901639344268207,0.7462167105977804,0.029190149902961236,Loma de Papeles Alto,16_17,PA (2400),PA,2400
Coenonympha dorus,20,-0.3571428954601288,0.26551035046577454,-1.55,-1.1134612334371354,0.26551038895387374,-0.4585448392555013,0.5641389616963798,0.05842296729583532,Purche,16_20,PU (1442),PU,1442
Coenonympha dorus,21,-0.20000000298023224,0.8064959049224854,-1.5,-0.2449489742783178,0.8064959405073402,-0.029411764705899845,0.9843553714976327,1.5098441840818354e-4,Matas Verdes,16_21,MV (1919),MV,1919
Coenonympha pamphilus,20,-0.6666666865348816,0.016488665714859962,-6.25,-2.39791576165636,0.016488656727670144,-5.924999999999873,0.014644540670691111,0.5970344387755064,Purche,16_20,PU (1442),PU,1442
Coenonympha pamphilus,33,-0.5,0.07633274793624878,-3.5,-1.7723725194851356,0.07633274037635716,-4.06355932203383,0.08547820192475275,0.3638951713353731,Barranco de San Juan,16_33,BSJ (1362),BSJ,1362
Coenonympha pamphilus,34,-0.5,0.07633274793624878,-3.5,-1.7723725194851356,0.07633274037635716,-4.06355932203383,0.08547820192475275,0.3638951713353731,Catifas,16_34,CAT (1666),CAT,1666
Colias alfacariensis,20,0.10540924966335297,1,0.75,0,1,-0.2105263157891781,0.9432760381844365,0.0019860973187632806,Purche,16_20,PU (1442),PU,1442
Colias crocea,14,-0.03669879585504532,0.9377589225769043,-0.14285714285714285,-0.07808688094430304,0.9377589428180784,0.13636363636364027,0.9177095136568476,0.0012529234881390623,Laguna seca,16_14,LS (2282),LS,2282
Colias crocea,15,-0.1972026526927948,0.5293681025505066,-0.7857142857142857,-0.628970902033151,0.5293681061847979,-0.2669491525424043,0.8353692286281196,0.006602982571721379,Altas cumbres,16_15,AC (3126),AC,3126
Colias crocea,16,-0.03669879585504532,0.9377589225769043,-0.14285714285714285,-0.07808688094430304,0.9377589428180784,0.13636363636364027,0.9177095136568476,0.0012529234881390623,Borreguiles San Juan,16_16,BOSJ (2545),BOSJ,2545
Colias crocea,17,-0.1348399668931961,0.6534220576286316,-0.5,-0.4490132550669373,0.6534220947553175,-0.047750229568347985,0.9693174711310477,1.9681451629287926e-4,Loma de Papeles Alto,16_17,PA (2400),PA,2400
Colias crocea,18,-0.1348399668931961,0.6534220576286316,-0.5,-0.4490132550669373,0.6534220947553175,-0.047750229568347985,0.9693174711310477,1.9681451629287926e-4,Loma de Papeles Bajo,16_18,PB (2121),PB,2121
Colias crocea,20,-0.08451542258262634,0.8339354395866394,-0.5833333333333333,-0.20965696734438366,0.833935414088552,0.3458333333332657,0.821069654105915,0.00781561989471485,Purche,16_20,PU (1442),PU,1442
Colias crocea,21,-0.1348399668931961,0.6534220576286316,-0.5,-0.4490132550669373,0.6534220947553175,-0.047750229568347985,0.9693174711310477,1.9681451629287926e-4,Matas Verdes,16_21,MV (1919),MV,1919
Colias crocea,23,-0.1348399668931961,0.6534220576286316,-0.5,-0.4490132550669373,0.6534220947553175,-0.047750229568347985,0.9693174711310477,1.9681451629287926e-4,Robledal Dílar,16_23,DI (1720),DI,1720
Colias crocea,24,-0.03669879585504532,0.9377589225769043,-0.14285714285714285,-0.07808688094430304,0.9377589428180784,0.13636363636364027,0.9177095136568476,0.0012529234881390623,Campos de Otero,16_24,CO (2248),CO,2248
Colias crocea,32,0.0476190485060215,1,1,0,1,0.6153846153844673,0.7398337658261598,0.024059019782901127,Fabriquilla,16_32,FA (992),FA,992
Colias crocea,33,-0.1348399668931961,0.6534220576286316,-0.5,-0.4490132550669373,0.6534220947553175,-0.047750229568347985,0.9693174711310477,1.9681451629287926e-4,Barranco de San Juan,16_33,BSJ (1362),BSJ,1362
Colias crocea,34,-0.1348399668931961,0.6534220576286316,-0.5,-0.4490132550669373,0.6534220947553175,-0.047750229568347985,0.9693174711310477,1.9681451629287926e-4,Catifas,16_34,CAT (1666),CAT,1666
Colias crocea,35,-0.1348399668931961,0.6534220576286316,-0.5,-0.4490132550669373,0.6534220947553175,-0.047750229568347985,0.9693174711310477,1.9681451629287926e-4,Praillos,16_35,PRA (1894),PRA,1894
Colias crocea,36,0.028171807527542114,1,0.3333333333333333,0,1,0.8770270270269978,0.521893887315141,0.06095422366036862,Sabinas,16_36,SA (2180),SA,2180
Colias crocea,45,0.1972026526927948,0.5293681621551514,1,0.628970902033151,0.5293681061847979,1.1833333333333032,0.5338502597824744,0.05762459990854992,Dúrcal,16_45,DU (1950),DU,1950
Colias crocea,48,0.1972026526927948,0.5293681621551514,1,0.628970902033151,0.5293681061847979,1.1833333333333032,0.5338502597824744,0.05762459990854992,Pitres,16_48,PI (1379),PI,1379
Colias crocea,49,0.1972026526927948,0.5293681621551514,1,0.628970902033151,0.5293681061847979,1.1833333333333032,0.5338502597824744,0.05762459990854992,Turbera,16_49,TU (745),TU,745
Cupido lorquinii,20,-0.527046263217926,0.3122163414955139,-5,-1.0105823052798228,0.3122163883433193,-2.088235294117643,0.2751947598809471,0.3714045738535885,Purche,16_20,PU (1442),PU,1442
Cupido lorquinii,21,-0.27602618932724,0.5660902261734009,-3.2,-0.5738190417570045,0.56609026181685,-1.6220095693783199,0.4637976707108708,0.1406654499921223,Matas Verdes,16_21,MV (1919),MV,1919
Cupido lorquinii,45,-0.3333333134651184,0.45237037539482117,-4,-0.7514691493021795,0.45237036067736075,-2.1180124223601466,0.4002565755439879,0.18105846979810547,Dúrcal,16_45,DU (1950),DU,1950
Erebia hispania,16,-0.2777777910232544,0.34808260202407837,-2,-0.9383148632568366,0.3480826236329239,-0.9967948717948123,0.39257930576861266,0.10599608107870183,Borreguiles San Juan,16_16,BOSJ (2545),BOSJ,2545
Erebia hispania,24,-0.2380952388048172,0.5480055809020996,-2.6666666666666665,-0.6007514091861106,0.5480055723613093,-1.2638888888885673,0.44018539840187926,0.12317888956883723,Campos de Otero,16_24,CO (2248),CO,2248
Euchloe crameri,45,-0.1428571492433548,0.7638905644416809,-2.5,-0.3003757045930553,0.7638905934705397,-2.035714285714053,0.6743572082391085,0.03823432498587959,Dúrcal,16_45,DU (1950),DU,1950
Euphydryas aurinia,20,-0.6000000238418579,0.22067134082317352,-1.625,-1.224744871391589,0.2206713619198468,-0.8571428571428682,0.08254105238597337,0.6875477463712832,Purche,16_20,PU (1442),PU,1442
Euphydryas aurinia,21,-0.4494665563106537,0.08796145766973495,-1.4,-1.7062503692543616,0.08796147430808014,-1.1533516988062833,0.0881825634621686,0.3202055114280913,Matas Verdes,16_21,MV (1919),MV,1919
Euphydryas aurinia,23,-0.4494665563106537,0.08796145766973495,-1.4,-1.7062503692543616,0.08796147430808014,-1.1533516988062833,0.0881825634621686,0.3202055114280913,Robledal Dílar,16_23,DI (1720),DI,1720
Euphydryas aurinia,34,-0.5916079878807068,0.036031704396009445,-1.5,-2.096569673443837,0.036031686218233556,-1.4216216216215962,0.08239726452704835,0.36963567621007204,Catifas,16_34,CAT (1666),CAT,1666
Euphydryas aurinia,45,-0.46666663885116577,0.2596563398838043,-2,-1.1272037239532693,0.2596563563704501,-0.9828326180259673,0.39727646369794695,0.1831315455882311,Dúrcal,16_45,DU (1950),DU,1950
Fabriciana adippe,21,-0.3333333432674408,0.3675207495689392,-0.75,-0.9011271137791659,0.3675207382421431,-0.6049723756903969,0.6545666036343756,0.04324051901963654,Matas Verdes,16_21,MV (1919),MV,1919
Fabriciana niobe,14,0.09759000688791275,0.8792572021484375,0.25,0.15191090506254998,0.8792572071248308,-0.3843930635838155,0.8345934597087956,0.009584603947628367,Laguna seca,16_14,LS (2282),LS,2282
Fabriciana niobe,16,0.29276999831199646,0.4475208520889282,1.3333333333333333,0.7595545253127499,0.4475209101304693,0.7970085470084595,0.5903930019394175,0.06196002251649813,Borreguiles San Juan,16_16,BOSJ (2545),BOSJ,2545
Fabriciana niobe,21,-0.08451542258262634,0.8339354395866394,-0.3666666666666667,-0.20965696734438366,0.833935414088552,-0.4298642533937006,0.7173686592441951,0.019896274822120717,Matas Verdes,16_21,MV (1919),MV,1919
Fabriciana niobe,23,-0.1951800137758255,0.6485821604728699,-0.6666666666666666,-0.45573271518764996,0.6485821935696237,-0.28893442622961324,0.8428606335213336,0.008642289796010979,Robledal Dílar,16_23,DI (1720),DI,1720
Fabriciana niobe,24,0.028171807527542114,1,0.125,0,1,-0.030963302752305494,0.9781862488056436,1.146788990826557e-4,Campos de Otero,16_24,CO (2248),CO,2248
Fabriciana niobe,45,-0.07161148637533188,1,0,-0,1,-0.4310344827587136,0.6248316323162084,0.06537428959940438,Dúrcal,16_45,DU (1950),DU,1950
Favonius quercus,23,-0.6190476417541504,0.07150541990995407,-4,-1.8022542275583318,0.07150541644487447,-2.4827586206894097,0.059014632654210385,0.5425147820627045,Robledal Dílar,16_23,DI (1720),DI,1720
Favonius quercus,48,-0.6000000238418579,0.22067134082317352,-6.958333333333334,-1.224744871391589,0.2206713619198468,-4.7017543859648185,0.16641323255156226,0.5245920796996821,Pitres,16_48,PI (1379),PI,1379
Gonepteryx cleopatra,23,-0.27602618932724,0.5660902261734009,-1.5,-0.5738190417570045,0.56609026181685,-1.1270588235293992,0.2353955872494672,0.32738700816888044,Robledal Dílar,16_23,DI (1720),DI,1720
Gonepteryx cleopatra,33,-0.10540924966335297,1,-1.25,-0,1,-0.07731958762902723,0.9720127704863498,4.832474226824731e-4,Barranco de San Juan,16_33,BSJ (1362),BSJ,1362
Gonepteryx cleopatra,45,0.1714985966682434,0.5981614589691162,1.3,0.5270462766947299,0.598161452683528,0.7166666666666306,0.5846203217722102,0.044791666666663975,Dúrcal,16_45,DU (1950),DU,1950
Gonepteryx cleopatra,48,0.14824986457824707,0.7061970233917236,1.4166666666666667,0.37696851746252596,0.7061970013354244,0.8259023354563629,0.5558682853998975,0.06085925525526009,Pitres,16_48,PI (1379),PI,1379
Gonepteryx rhamni,32,0.4000000059604645,0.46243274211883545,13.375,0.7348469228349533,0.4624327264504763,12.864864864865321,0.3392647375592048,0.2999890107125782,Fabriquilla,16_32,FA (992),FA,992
Gonepteryx rhamni,48,0,1,-1.625,-0,1,2.2276785714280614,0.8356135824078419,0.016762849581421855,Pitres,16_48,PI (1379),PI,1379
Hesperia comma,16,-0.19999998807907104,0.7071142196655273,-1.5,-0.3757345746510897,0.7071142312899614,-1.7548638132296888,0.11311168585532523,0.5057147474545268,Borreguiles San Juan,16_16,BOSJ (2545),BOSJ,2545
Hesperia comma,21,-0.5714285969734192,0.06348653882741928,-1.7083333333333335,-1.8557687223952255,0.06348653056076752,-1.7333333333333112,0.027585869088405386,0.58244480344648,Matas Verdes,16_21,MV (1919),MV,1919
Hesperia comma,24,-0.46666663885116577,0.2596563398838043,-2,-1.1272037239532693,0.2596563563704501,-1.1864406779661312,0.1453670034199703,0.4489234997709283,Campos de Otero,16_24,CO (2248),CO,2248
Hesperia comma,35,-0.4000000059604645,0.46243271231651306,-1.75,-0.7348469228349533,0.4624327264504763,-0.7164179104477856,0.368709767473068,0.27077212363385184,Praillos,16_35,PRA (1894),PRA,1894
Hesperia comma,45,-0.4000000059604645,0.46243271231651306,-1.8333333333333335,-0.7348469228349533,0.4624327264504763,-0.7758620689655336,0.3816041696821056,0.25862068965522544,Dúrcal,16_45,DU (1950),DU,1950
Hipparchia fidia,21,0.06666666269302368,1,1.25,0,1,0.08988764044939775,0.9445767068148967,0.0013664629426982252,Matas Verdes,16_21,MV (1919),MV,1919
Hipparchia fidia,23,-0.1428571492433548,0.7105230093002319,-0.9285714285714286,-0.3711537444790451,0.7105230229164895,-0.5585106382978212,0.5511710181075816,0.06227089675738781,Robledal Dílar,16_23,DI (1720),DI,1720
Hipparchia fidia,48,0.3333333134651184,0.45237040519714355,2.5,0.7514691493021795,0.45237036067736075,0.9714285714284896,0.5860102833457386,0.0804267161409839,Pitres,16_48,PI (1379),PI,1379
Hipparchia hermione,18,-0.1428571492433548,0.7638905644416809,-1.3333333333333333,-0.3003757045930553,0.7638905934705397,-1.505395683452871,0.3452838924462461,0.17832100014858765,Loma de Papeles Bajo,16_18,PB (2121),PB,2121
Hipparchia hermione,21,-0.20000000298023224,0.47427433729171753,-1.6666666666666667,-0.7155417527999327,0.47427435076732943,-1.4168962350781613,0.23358337847004346,0.17186313110020324,Matas Verdes,16_21,MV (1919),MV,1919
Hipparchia hermione,23,-0.20000000298023224,0.47427433729171753,-1.6666666666666667,-0.7155417527999327,0.47427435076732943,-1.4168962350781613,0.23358337847004346,0.17186313110020324,Robledal Dílar,16_23,DI (1720),DI,1720
Hipparchia hermione,24,-0.3888888955116272,0.17530807852745056,-1.7916666666666665,-1.355343691370986,0.1753080808082735,-2.480882352941247,0.04094860739207939,0.47184312620199603,Campos de Otero,16_24,CO (2248),CO,2248
Hipparchia hermione,34,-0.20000000298023224,0.8064959049224854,-1.8333333333333335,-0.2449489742783178,0.8064959405073402,-0.7167630057801827,0.6699223369689786,0.06879149591078249,Catifas,16_34,CAT (1666),CAT,1666
Hipparchia semele,20,-0.20000000298023224,0.8064959049224854,-2.5,-0.2449489742783178,0.8064959405073402,-1.172932330827091,0.7240053396711005,0.04774985480402635,Purche,16_20,PU (1442),PU,1442
Hipparchia semele,45,-0.2222222238779068,0.4655121862888336,-1.3666666666666667,-0.7298004491997617,0.46551216987418653,-1.2666666666667172,0.6295356015644231,0.03505705268269445,Dúrcal,16_45,DU (1950),DU,1950
Hipparchia statilinus,18,-0.6000000238418579,0.22067134082317352,-4.208333333333333,-1.224744871391589,0.2206713619198468,-1.5799999999999446,0.2028363322799488,0.4678410794602688,Loma de Papeles Bajo,16_18,PB (2121),PB,2121
Hipparchia statilinus,20,-0.4285714626312256,0.1735462248325348,-2.5238095238095237,-1.360897063089832,0.17354622178785328,-1.65277777777777,0.2364573930855895,0.22378672229333701,Purche,16_20,PU (1442),PU,1442
Hipparchia statilinus,21,-0.3333333432674408,0.3675207495689392,-2,-0.9011271137791659,0.3675207382421431,-1.7309417040359714,0.2451571221073661,0.25737422872035104,Matas Verdes,16_21,MV (1919),MV,1919
Hipparchia statilinus,23,-0.2222222238779068,0.4655121862888336,-1.5,-0.7298004491997617,0.46551216987418653,-1.1716101694915142,0.2955972517322918,0.15433549874436026,Robledal Dílar,16_23,DI (1720),DI,1720
Hipparchia statilinus,34,-0.4285714626312256,0.1735462248325348,-2.166666666666667,-1.360897063089832,0.17354622178785328,-1.4798994974873576,0.14815230630298892,0.31450867906191265,Catifas,16_34,CAT (1666),CAT,1666
Hipparchia statilinus,45,-0.0476190485060215,1,-1,-0,1,-0.035714285714343416,0.9792428246388151,1.4952153110111616e-4,Dúrcal,16_45,DU (1950),DU,1950
Hipparchia statilinus,48,0.46666663885116577,0.25965631008148193,2,1.1272037239532693,0.2596563563704501,1.1750000000000316,0.2155967304421763,0.35063492063491314,Pitres,16_48,PI (1379),PI,1379
Hyponephele lycaon,14,0.3333333134651184,0.45237040519714355,2,0.7514691493021795,0.45237036067736075,0.4333333333333323,0.6533409696421195,0.05544013121924279,Laguna seca,16_14,LS (2282),LS,2282
Hyponephele lycaon,16,-0.19999998807907104,0.7071142196655273,-0.6666666666666666,-0.3757345746510897,0.7071142312899614,-0.5052631578948331,0.5392300490916746,0.1010526315789721,Borreguiles San Juan,16_16,BOSJ (2545),BOSJ,2545
Hyponephele lycaon,18,0.19999998807907104,0.7071142196655273,0.75,0.3757345746510897,0.7071142312899614,0.2548330404217622,0.7581985498521441,0.02645010083117243,Loma de Papeles Bajo,16_18,PB (2121),PB,2121
Hyponephele lycaon,20,-0.3333333432674408,0.3675207495689392,-2,-0.9011271137791659,0.3675207382421431,-0.964028776978251,0.24189081074912105,0.26044325829654286,Purche,16_20,PU (1442),PU,1442
Hyponephele lycaon,21,0.1951800137758255,0.6485822200775146,0.6,0.45573271518764996,0.6485821935696237,0.5656250000000065,0.4834879138690064,0.102686183550656,Matas Verdes,16_21,MV (1919),MV,1919
Hyponephele lycaon,23,0.1428571492433548,0.7638905048370361,0.6,0.3003757045930553,0.7638905934705397,0.3947368421052714,0.6300113247407326,0.049943274305731825,Robledal Dílar,16_23,DI (1720),DI,1720
Hyponephele lycaon,24,-0.04494665563106537,0.9284440279006958,-0.3333333333333333,-0.08980265101338746,0.928444041500591,-0.08631772268137194,0.9139232315043253,0.0015531902626435968,Campos de Otero,16_24,CO (2248),CO,2248
Hyponephele lycaon,34,0.09759000688791275,0.8792572021484375,0.4,0.15191090506254998,0.8792572071248308,0.1940789473684884,0.8152197167920716,0.01199021769083316,Catifas,16_34,CAT (1666),CAT,1666
Hyponephele lycaon,35,-0.6000000238418579,0.22067134082317352,-2.75,-1.224744871391589,0.2206713619198468,-1.5543478260869519,0.1168502003539259,0.6140103290896003,Praillos,16_35,PRA (1894),PRA,1894
Hyponephele lycaon,45,0.1111111119389534,0.7544541358947754,0.5,0.3127716210856122,0.754454177494089,0.366666666666647,0.7527465797125918,0.015106117353307124,Dúrcal,16_45,DU (1950),DU,1950
Iphiclides feisthamelii,18,0.800000011920929,0.0864107608795166,8.5,1.7146428199482247,0.08641073297370003,3.7835051546391014,0.15729453132884838,0.5398702922832876,Loma de Papeles Bajo,16_18,PB (2121),PB,2121
Iphiclides feisthamelii,20,0.3888888955116272,0.17530810832977295,2.685714285714286,1.355343691370986,0.1753080808082735,2.1833333333333327,0.19215958154014676,0.22933315515168567,Purche,16_20,PU (1442),PU,1442
Iphiclides feisthamelii,21,0.2888889014720917,0.2831308841705322,2,1.073312629199899,0.28313087066234666,1.4113865932047533,0.30752807722459125,0.12927127070827577,Matas Verdes,16_21,MV (1919),MV,1919
Iphiclides feisthamelii,23,0.2888889014720917,0.2831308841705322,2,1.073312629199899,0.28313087066234666,1.4113865932047533,0.30752807722459125,0.12927127070827577,Robledal Dílar,16_23,DI (1720),DI,1720
Iphiclides feisthamelii,33,-0.06666666269302368,1,-1.5,-0,1,0.18750000000007927,0.9205993284827276,0.002807236431692991,Barranco de San Juan,16_33,BSJ (1362),BSJ,1362
Iphiclides feisthamelii,35,0.19999998807907104,0.7071142196655273,2.75,0.3757345746510897,0.7071142312899614,1.2428571428574569,0.548707803819372,0.09664403822012269,Praillos,16_35,PRA (1894),PRA,1894
Iphiclides feisthamelii,45,0.2777777910232544,0.3480825424194336,1.6,0.9383148632568366,0.3480826236329239,1.8833333333333624,0.4682318779176282,0.07750060694343866,Dúrcal,16_45,DU (1950),DU,1950
Iphiclides feisthamelii,48,0.2777777910232544,0.3480825424194336,1.6,0.9383148632568366,0.3480826236329239,1.8833333333333624,0.4682318779176282,0.07750060694343866,Pitres,16_48,PI (1379),PI,1379
Iphiclides feisthamelii,49,0.6000000238418579,0.22067129611968994,6.833333333333334,1.224744871391589,0.2206713619198468,4.00000000000018,0.1530940286258927,0.5470692717584399,Turbera,16_49,TU (745),TU,745
Issoria lathonia,14,0.08989331126213074,0.7876157760620117,0.6666666666666666,0.26940795304016235,0.7876157667022056,0.7405303030302499,0.7290969890444556,0.015829179339863338,Laguna seca,16_14,LS (2282),LS,2282
Issoria lathonia,15,0.29276999831199646,0.4475208520889282,2.6,0.7595545253127499,0.4475209101304693,2.229838709676915,0.16420365765642847,0.34676625603246547,Altas cumbres,16_15,AC (3126),AC,3126
Issoria lathonia,16,0.036369651556015015,1,0.125,0,1,-0.10593900481535326,0.9698343861117082,2.5892365271108764e-4,Borreguiles San Juan,16_16,BOSJ (2545),BOSJ,2545
Issoria lathonia,17,0,1,-0.625,-0,1,0.010294117647304977,0.9969005596194278,2.31477107397403e-6,Loma de Papeles Alto,16_17,PA (2400),PA,2400
Issoria lathonia,18,0.11009638011455536,0.6962153911590576,1,0.3904344047215152,0.6962153512437399,0.9000000000000052,0.6511911283575647,0.023717452327944907,Loma de Papeles Bajo,16_18,PB (2121),PB,2121
Issoria lathonia,21,0.08451542258262634,0.8339354991912842,0.375,0.20965696734438366,0.833935414088552,0.14819004524883192,0.9413285626186427,8.306048231897352e-4,Matas Verdes,16_21,MV (1919),MV,1919
Issoria lathonia,23,0.0555555559694767,0.9169652462005615,1.125,0.10425720702853739,0.9169652366288644,0.18648648648633323,0.9344610122613978,0.0010367873312019074,Robledal Dílar,16_23,DI (1720),DI,1720
Issoria lathonia,24,0.11009638011455536,0.6962153911590576,1,0.3904344047215152,0.6962153512437399,0.9000000000000052,0.6511911283575647,0.023717452327944907,Campos de Otero,16_24,CO (2248),CO,2248
Issoria lathonia,33,-0.20000000298023224,0.8064959049224854,-2,-0.2449489742783178,0.8064959405073402,-1.4999999999999067,0.6852452326776328,0.06241583625099928,Barranco de San Juan,16_33,BSJ (1362),BSJ,1362
Issoria lathonia,36,0.0714285746216774,0.901538610458374,1.3666666666666667,0.12371791482634838,0.9015386266571278,0.01564945226859517,0.9949281822790861,7.31693111464981e-6,Sabinas,16_36,SA (2180),SA,2180
Issoria lathonia,45,-0.20000000298023224,0.8064959049224854,-3.5,-0.2449489742783178,0.8064959405073402,0.7325581395350907,0.8710498490149194,0.010292409186156813,Dúrcal,16_45,DU (1950),DU,1950
Issoria lathonia,48,0.0476190485060215,1,2,0,1,2.1702898550723706,0.47252404757673444,0.10763401417357339,Pitres,16_48,PI (1379),PI,1379
Lampides boeticus,45,0.20000000298023224,0.8064959049224854,7.875,0.2449489742783178,0.8064959405073402,4.965116279069723,0.45289091565323086,0.19788171095416168,Dúrcal,16_45,DU (1950),DU,1950
Lampides boeticus,48,0.1666666716337204,0.6021676063537598,1.9821428571428572,0.5212860351426869,0.6021675277481959,1.2999999999999468,0.611388545328558,0.038817524457676,Pitres,16_48,PI (1379),PI,1379
Lasiommata maera,21,-0.20000000298023224,0.8064959049224854,-2.583333333333333,-0.2449489742783178,0.8064959405073402,-0.660000000000043,0.7509766822717103,0.03875444839858592,Matas Verdes,16_21,MV (1919),MV,1919
Lasiommata megera,14,-0.2380952388048172,0.5480055809020996,-1,-0.6007514091861106,0.5480055723613093,-2.312500000000398,0.7331470539036777,0.02534434241707887,Laguna seca,16_14,LS (2282),LS,2282
Lasiommata megera,16,-0.1666666716337204,0.602167546749115,-1,-0.5212860351426869,0.6021675277481959,-3.0660377358491164,0.5105356661349698,0.06423297917270146,Borreguiles San Juan,16_16,BOSJ (2545),BOSJ,2545
Lasiommata megera,17,-0.01818181946873665,1,-0.375,-0,1,0.13636363636364635,0.9766334518087277,1.00750479124516e-4,Loma de Papeles Alto,16_17,PA (2400),PA,2400
Lasiommata megera,18,-0.01818181946873665,1,-0.375,-0,1,0.13636363636364635,0.9766334518087277,1.00750479124516e-4,Loma de Papeles Bajo,16_18,PB (2121),PB,2121
Lasiommata megera,20,-0.1111111119389534,0.7544541954994202,-1.625,-0.3127716210856122,0.754454177494089,-2.5708333333334075,0.6603784686019483,0.029176042305336748,Purche,16_20,PU (1442),PU,1442
Lasiommata megera,21,-0.02222222276031971,1,-0.42857142857142855,-0,1,0.28650137741063036,0.9538479703662068,4.4552537805857853e-4,Matas Verdes,16_21,MV (1919),MV,1919
Lasiommata megera,23,-0.02222222276031971,1,-0.42857142857142855,-0,1,0.28650137741063036,0.9538479703662068,4.4552537805857853e-4,Robledal Dílar,16_23,DI (1720),DI,1720
Lasiommata megera,24,-0.01818181946873665,1,-0.375,-0,1,0.13636363636364635,0.9766334518087277,1.00750479124516e-4,Campos de Otero,16_24,CO (2248),CO,2248
Lasiommata megera,32,-0.06666666269302368,1,-0.6,-0,1,0.813114754098889,0.9284320072037515,0.0022798984603003046,Fabriquilla,16_32,FA (992),FA,992
Lasiommata megera,33,-0.02222222276031971,1,-0.42857142857142855,-0,1,0.28650137741063036,0.9538479703662068,4.4552537805857853e-4,Barranco de San Juan,16_33,BSJ (1362),BSJ,1362
Lasiommata megera,34,-0.02222222276031971,1,-0.42857142857142855,-0,1,0.28650137741063036,0.9538479703662068,4.4552537805857853e-4,Catifas,16_34,CAT (1666),CAT,1666
Lasiommata megera,35,-0.02222222276031971,1,-0.42857142857142855,-0,1,0.28650137741063036,0.9538479703662068,4.4552537805857853e-4,Praillos,16_35,PRA (1894),PRA,1894
Lasiommata megera,36,-0.06666666269302368,1,-0.75,-0,1,-0.5124999999994727,0.945367777974673,0.0013276992338647656,Sabinas,16_36,SA (2180),SA,2180
Lasiommata megera,45,0.2222222238779068,0.46551215648651123,7.357142857142857,0.7298004491997617,0.46551216987418653,7.716666666666678,0.20001754099417549,0.22238063293591473,Dúrcal,16_45,DU (1950),DU,1950
Lasiommata megera,48,0.2222222238779068,0.46551215648651123,7.357142857142857,0.7298004491997617,0.46551216987418653,7.716666666666678,0.20001754099417549,0.22238063293591473,Pitres,16_48,PI (1379),PI,1379
Leptidea sinapis,48,-0.4285714328289032,0.22955621778964996,-10,-1.2015028183722212,0.22955621387891967,-15.03571428571022,0.20811312814787644,0.29454552101882153,Pitres,16_48,PI (1379),PI,1379
Leptotes pirithous,45,0,1,0.3125,-0,1,0.5999999999999357,0.8593852534762124,0.004802608824545848,Dúrcal,16_45,DU (1950),DU,1950
Leptotes pirithous,48,0,1,0.3125,-0,1,0.5999999999999357,0.8593852534762124,0.004802608824545848,Pitres,16_48,PI (1379),PI,1379
Leptotes pirithous,49,0.20000000298023224,0.8064959049224854,12.25,0.2449489742783178,0.8064959405073402,5.918604651162813,0.40398181268259625,0.2384116625072763,Turbera,16_49,TU (745),TU,745
Lycaena alciphron,16,-0.46666663885116577,0.2596563398838043,-2,-1.1272037239532693,0.2596563563704501,-2.0239234449762464,0.17843234343582665,0.39912336467364,Borreguiles San Juan,16_16,BOSJ (2545),BOSJ,2545
Lycaena alciphron,17,-0.25689154863357544,0.3100440800189972,-1.25,-1.0151294522759395,0.31004412387652436,-1.2000000000000033,0.2132420073968491,0.16622781911848922,Loma de Papeles Alto,16_17,PA (2400),PA,2400
Lycaena alciphron,18,-0.22473327815532684,0.4189617335796356,-1.3333333333333333,-0.8082238591204871,0.41896172515934094,-1.200000000000136,0.2113293055396706,0.18747780802464456,Loma de Papeles Bajo,16_18,PB (2121),PB,2121
Lycaena alciphron,21,-0.6190476417541504,0.07150541990995407,-2,-1.8022542275583318,0.07150541644487447,-2.1536458333330333,0.05978229993028678,0.5403716942252484,Matas Verdes,16_21,MV (1919),MV,1919
Lycaena alciphron,23,-0.4225771129131317,0.14221327006816864,-2.125,-1.4675987714106857,0.1422132419363925,-1.8662162162161873,0.09802193301100526,0.34217267586226957,Robledal Dílar,16_23,DI (1720),DI,1720
Lycaena alciphron,24,-0.18184825778007507,0.617988646030426,-1.2,-0.49870298095402965,0.6179886442607208,-0.7032755298650877,0.5776292380515631,0.054581239294227014,Campos de Otero,16_24,CO (2248),CO,2248
Lycaena alciphron,35,-0.3571428954601288,0.26551035046577454,-2,-1.1134612334371354,0.26551038895387374,-1.7809076682315208,0.14135397067705013,0.323336459229047,Praillos,16_35,PRA (1894),PRA,1894
Lycaena alciphron,45,-0.30988988280296326,0.29450738430023193,-1.3333333333333333,-1.0482848367219184,0.2945073936801101,-1.733333333333264,0.21451438385773294,0.2102098989375416,Dúrcal,16_45,DU (1950),DU,1950
Lycaena phlaeas,16,0.2380952388048172,0.5480055809020996,14,0.6007514091861106,0.5480055723613093,5.368421052630103,0.28395090743116097,0.22355375198749264,Borreguiles San Juan,16_16,BOSJ (2545),BOSJ,2545
Lycaena phlaeas,17,-0.0476190485060215,1,-1,-0,1,-1.478124999999581,0.7471412668990156,0.022695355612534374,Loma de Papeles Alto,16_17,PA (2400),PA,2400
Lycaena phlaeas,18,0.1111111119389534,0.7544541358947754,7.476190476190476,0.3127716210856122,0.754454177494089,2.629629629629516,0.616214571186985,0.037795122097511125,Loma de Papeles Bajo,16_18,PB (2121),PB,2121
Lycaena phlaeas,20,-0.0714285746216774,0.901538610458374,-2.291666666666667,-0.12371791482634838,0.9015386266571278,-0.987179487179467,0.8646777902667004,0.0052453383371507106,Purche,16_20,PU (1442),PU,1442
Lycaena phlaeas,21,0.1111111119389534,0.7205147743225098,4,0.35777087639996635,0.7205147871362553,2.292011019283859,0.6492119301489152,0.027146013666498506,Matas Verdes,16_21,MV (1919),MV,1919
Lycaena phlaeas,23,0.1111111119389534,0.7205147743225098,4,0.35777087639996635,0.7205147871362553,2.292011019283859,0.6492119301489152,0.027146013666498506,Robledal Dílar,16_23,DI (1720),DI,1720
Lycaena phlaeas,24,0.1111111119389534,0.7205147743225098,4,0.35777087639996635,0.7205147871362553,2.292011019283859,0.6492119301489152,0.027146013666498506,Campos de Otero,16_24,CO (2248),CO,2248
Lycaena phlaeas,32,-0.20000000298023224,0.8064959049224854,-11.625,-0.2449489742783178,0.8064959405073402,-2.94999999999973,0.7759992598666872,0.031278079286917816,Fabriquilla,16_32,FA (992),FA,992
Lycaena phlaeas,33,0.1111111119389534,0.7205147743225098,4,0.35777087639996635,0.7205147871362553,2.292011019283859,0.6492119301489152,0.027146013666498506,Barranco de San Juan,16_33,BSJ (1362),BSJ,1362
Lycaena phlaeas,34,0,1,2.142857142857143,-0,1,0.441314553990536,0.9442246406530246,8.859214686160814e-4,Catifas,16_34,CAT (1666),CAT,1666
Lycaena phlaeas,45,0.4444444477558136,0.1178508996963501,10.666666666666668,1.563858105428061,0.11785089502136507,10.6333333333332,0.051585063317414484,0.4396229947294231,Dúrcal,16_45,DU (1950),DU,1950
Lycaena phlaeas,48,0.4444444477558136,0.1178508996963501,10.666666666666668,1.563858105428061,0.11785089502136507,10.6333333333332,0.051585063317414484,0.4396229947294231,Pitres,16_48,PI (1379),PI,1379
Maniola jurtina,20,0.1666666716337204,0.6021676063537598,1.1166666666666667,0.5212860351426869,0.6021675277481959,3.379166666666613,0.3081394657701565,0.14714379675699005,Purche,16_20,PU (1442),PU,1442
Maniola jurtina,48,0.3333333432674408,0.2514522075653076,3,1.1468292773139113,0.2514521865080218,3.7499999999999862,0.37587077225850934,0.11325503355705101,Pitres,16_48,PI (1379),PI,1379
Melanargia lachesis,20,-0.1972026526927948,0.5293681025505066,-0.6666666666666666,-0.628970902033151,0.5293681061847979,-0.5291666666666341,0.43730406174980996,0.08834903593338496,Purche,16_20,PU (1442),PU,1442
Melanargia lachesis,21,-0.22473327815532684,0.4189617335796356,-0.42857142857142855,-0.8082238591204871,0.41896172515934094,-0.47199265381086597,0.3872535805957238,0.09461943216021551,Matas Verdes,16_21,MV (1919),MV,1919
Melanargia lachesis,23,-0.22473327815532684,0.4189617335796356,-0.42857142857142855,-0.8082238591204871,0.41896172515934094,-0.47199265381086597,0.3872535805957238,0.09461943216021551,Robledal Dílar,16_23,DI (1720),DI,1720
Melanargia lachesis,24,-0.3333333134651184,0.45237037539482117,-1,-0.7514691493021795,0.45237036067736075,-0.6335877862595986,0.4687821643093061,0.13778459281977576,Campos de Otero,16_24,CO (2248),CO,2248
Melanargia lachesis,33,-0.1972026526927948,0.5293681025505066,-0.75,-0.628970902033151,0.5293681061847979,-0.48199152542369783,0.41944249114276333,0.09510240419244553,Barranco de San Juan,16_33,BSJ (1362),BSJ,1362
Melanargia lachesis,34,-0.22473327815532684,0.4189617335796356,-0.42857142857142855,-0.8082238591204871,0.41896172515934094,-0.47199265381086597,0.3872535805957238,0.09461943216021551,Catifas,16_34,CAT (1666),CAT,1666
Melanargia lachesis,35,-0.25354626774787903,0.4016781747341156,-0.75,-0.8386278693775346,0.40167816646977295,-0.3910256410256177,0.497040459489252,0.0682802407516088,Praillos,16_35,PRA (1894),PRA,1894
Melanargia lachesis,45,-0.1972026526927948,0.5293681025505066,-0.33035714285714285,-0.628970902033151,0.5293681061847979,-0.3333333333333099,0.7554946188134165,0.014763779527558498,Dúrcal,16_45,DU (1950),DU,1950
Melanargia lachesis,48,-0.390360027551651,0.2876112461090088,-0.5,-1.0633763354378498,0.2876113200564879,-0.2669902912621261,0.7099223843621295,0.030091118892251887,Pitres,16_48,PI (1379),PI,1379
Melanargia occitanica,17,-0.08451542258262634,0.8339354395866394,-0.5357142857142857,-0.20965696734438366,0.833935414088552,-0.23728813559321216,0.8550634813879745,0.005104931076919163,Loma de Papeles Alto,16_17,PA (2400),PA,2400
Melanargia occitanica,18,-0.29276999831199646,0.4475208818912506,-1.6666666666666667,-0.7595545253127499,0.4475209101304693,-1.4595588235293104,0.2757748731888804,0.23030399560459003,Loma de Papeles Bajo,16_18,PB (2121),PB,2121
Melitaea athalia,23,-0.19999998807907104,0.7071142196655273,-2.2,-0.3757345746510897,0.7071142312899614,-1.3415841584157757,0.43898982204350673,0.15560424007301152,Robledal Dílar,16_23,DI (1720),DI,1720
Melitaea deione,20,-0.4000000059604645,0.46243271231651306,-0.8333333333333333,-0.7348469228349533,0.4624327264504763,-1.2750000000000294,0.7635062501632957,0.03490712905304095,Purche,16_20,PU (1442),PU,1442
Melitaea deione,23,-0.2545875608921051,0.4544273018836975,-2.2857142857142856,-0.7480544714310445,0.4544273022568344,-2.3476821192052566,0.34855796589706517,0.14694386426985057,Robledal Dílar,16_23,DI (1720),DI,1720
Melitaea deione,33,-0.19999998807907104,0.7071142196655273,-0.5,-0.3757345746510897,0.7071142312899614,-1.2749999999998858,0.7233015297022602,0.0348317114543245,Barranco de San Juan,16_33,BSJ (1362),BSJ,1362
Melitaea deione,48,-0.08451542258262634,0.8339354395866394,-0.16666666666666666,-0.20965696734438366,0.833935414088552,-0.7999999999999367,0.7484428600986748,0.01565075627207499,Pitres,16_48,PI (1379),PI,1379
Melitaea didyma,23,-0.0714285746216774,0.901538610458374,-1,-0.12371791482634838,0.9015386266571278,0.016666666666609598,0.9870245580663128,4.7892720306159596e-5,Robledal Dílar,16_23,DI (1720),DI,1720
Melitaea parthenoides,16,0.6000000238418579,0.22067129611968994,1.75,1.224744871391589,0.2206713619198468,1.8353658536585578,0.324957052527115,0.31496301137470156,Borreguiles San Juan,16_16,BOSJ (2545),BOSJ,2545
Melitaea phoebe,20,0.29276999831199646,0.4475208520889282,0.6666666666666666,0.7595545253127499,0.4475209101304693,1.198453608246724,0.6596810971624404,0.04191342718370408,Purche,16_20,PU (1442),PU,1442
Melitaea phoebe,21,0.29276999831199646,0.4475208520889282,5.666666666666667,0.7595545253127499,0.4475209101304693,3.827586206896512,0.12262828400927601,0.4078675862069563,Matas Verdes,16_21,MV (1919),MV,1919
Melitaea phoebe,23,0.5855399966239929,0.09471774101257324,5.5,1.6710199556880498,0.0947177362150649,4.42123287671228,0.0991507371789423,0.4497881516025971,Robledal Dílar,16_23,DI (1720),DI,1720
Melitaea phoebe,33,0.5855399966239929,0.09471774101257324,5.5,1.6710199556880498,0.0947177362150649,4.42123287671228,0.0991507371789423,0.4497881516025971,Barranco de San Juan,16_33,BSJ (1362),BSJ,1362
Melitaea trivia,17,0.800000011920929,0.0864107608795166,8.5,1.7146428199482247,0.08641073297370003,4.088235294117641,0.10645235722121761,0.6350745483709798,Loma de Papeles Alto,16_17,PA (2400),PA,2400
Melitaea trivia,35,0.06666666269302368,1,0.3333333333333333,0,1,1.253333333333845,0.5745817187754361,0.08520732883322249,Praillos,16_35,PRA (1894),PRA,1894
Nymphalis polychloros,23,0,1,0,-0,1,2.419540229884721,0.7924283084722161,0.01517891215326775,Robledal Dílar,16_23,DI (1720),DI,1720
Papilio machaon,17,0,1,1.1666666666666667,-0,1,0.3378378378376679,0.9397192461130537,8.768631588390245e-4,Loma de Papeles Alto,16_17,PA (2400),PA,2400
Papilio machaon,35,0.06666666269302368,1,6,0,1,0.7320954907174253,0.8934841296529864,0.005059554172634244,Praillos,16_35,PRA (1894),PRA,1894
Papilio machaon,48,0.1111111119389534,0.7544541358947754,4.533333333333333,0.3127716210856122,0.754454177494089,3.750000000000138,0.4786355164422934,0.07407669346028632,Pitres,16_48,PI (1379),PI,1379
Pararge aegeria,20,-0.6900655031204224,0.08516790717840195,-2,-1.7214571252710134,0.08516790588395591,-1.2650602409638698,0.09581122445791108,0.540697389285662,Purche,16_20,PU (1442),PU,1442
Pararge aegeria,23,-0.785714328289032,0.0093747703358531,-3.041666666666667,-2.598076211353316,0.009374768459434886,-2.525821596244089,0.009557402227551125,0.7004598034945956,Robledal Dílar,16_23,DI (1720),DI,1720
Pararge aegeria,32,-0.8169824481010437,0.003333356697112322,-4.4523809523809526,-2.9351975428213715,0.003333354025136576,-5.791313559322074,0.02116386008367088,0.5555555576208978,Fabriquilla,16_32,FA (992),FA,992
Pararge aegeria,33,-0.3162277340888977,0.6133543252944946,-1.3333333333333335,-0.5052911526399114,0.6133543559547467,-0.9651162790696195,0.38540529844760985,0.2551103540215957,Barranco de San Juan,16_33,BSJ (1362),BSJ,1362
Pararge aegeria,45,-0.647951602935791,0.021097978577017784,-1.3095238095238095,-2.3062266407882204,0.021097971724778376,-1.4999999999999796,0.015164048128980567,0.5932617187500133,Dúrcal,16_45,DU (1950),DU,1950
Pararge aegeria,46,-0.647951602935791,0.021097978577017784,-1.3095238095238095,-2.3062266407882204,0.021097971724778376,-1.4999999999999796,0.015164048128980567,0.5932617187500133,Laguna,16_46,LP (732),LP,732
Pararge aegeria,48,-0.647951602935791,0.021097978577017784,-1.3095238095238095,-2.3062266407882204,0.021097971724778376,-1.4999999999999796,0.015164048128980567,0.5932617187500133,Pitres,16_48,PI (1379),PI,1379
Pararge aegeria,49,-0.647951602935791,0.021097978577017784,-1.3095238095238095,-2.3062266407882204,0.021097971724778376,-1.4999999999999796,0.015164048128980567,0.5932617187500133,Turbera,16_49,TU (745),TU,745
Parnassius apollo,14,-0.16363637149333954,0.5334165096282959,-0.6,-0.6227991553292184,0.5334165134726944,-0.5000000000000011,0.5186878920665657,0.04772798990217709,Laguna seca,16_14,LS (2282),LS,2282
Parnassius apollo,16,-0.16363637149333954,0.5334165096282959,-0.6,-0.6227991553292184,0.5334165134726944,-0.5000000000000011,0.5186878920665657,0.04772798990217709,Borreguiles San Juan,16_16,BOSJ (2545),BOSJ,2545
Parnassius apollo,17,-0.2222222238779068,0.4655121862888336,-1,-0.7298004491997617,0.46551216987418653,-0.5970588235293878,0.5536386320550444,0.05237810768213025,Loma de Papeles Alto,16_17,PA (2400),PA,2400
Parnassius apollo,18,-0.16363637149333954,0.5334165096282959,-0.6,-0.6227991553292184,0.5334165134726944,-0.5000000000000011,0.5186878920665657,0.04772798990217709,Loma de Papeles Bajo,16_18,PB (2121),PB,2121
Parnassius apollo,24,-0.16363637149333954,0.5334165096282959,-0.6,-0.6227991553292184,0.5334165134726944,-0.5000000000000011,0.5186878920665657,0.04772798990217709,Campos de Otero,16_24,CO (2248),CO,2248
Pieris brassicae,45,0.2222222238779068,0.46551215648651123,4.107142857142858,0.7298004491997617,0.46551216987418653,3.0500000000000966,0.4212113362688896,0.09441677317495874,Dúrcal,16_45,DU (1950),DU,1950
Pieris brassicae,48,0.2222222238779068,0.46551215648651123,4.107142857142858,0.7298004491997617,0.46551216987418653,3.0500000000000966,0.4212113362688896,0.09441677317495874,Pitres,16_48,PI (1379),PI,1379
Pieris napi,21,-0.08451542258262634,0.8339354395866394,-1.125,-0.20965696734438366,0.833935414088552,0.2527027027027054,0.913717189420445,0.0017992463221675043,Matas Verdes,16_21,MV (1919),MV,1919
Pieris napi,23,-0.06666666269302368,1,-1.5,-0,1,1.214007782101034,0.7562498327333811,0.026886032652991464,Robledal Dílar,16_23,DI (1720),DI,1720
Pieris napi,45,-0.028171807527542114,1,-0.5,-0,1,0.13333333333345485,0.9699019685614617,2.1836047675412036e-4,Dúrcal,16_45,DU (1950),DU,1950
Pieris rapae,14,0.46666663885116577,0.25965631008148193,1.5,1.1272037239532693,0.2596563563704501,1.2145922746783129,0.26337937751426227,0.2970869608763583,Laguna seca,16_14,LS (2282),LS,2282
Pieris rapae,16,-0.1428571492433548,0.7105230093002319,-1.1666666666666665,-0.3711537444790451,0.7105230229164895,-0.831702544031157,0.5979257954214773,0.04910037244245901,Borreguiles San Juan,16_16,BOSJ (2545),BOSJ,2545
Pieris rapae,17,0.19999998807907104,0.7071142196655273,1,0.3757345746510897,0.7071142312899614,0.03478260869575659,0.9734099950619628,3.1430068098680833e-4,Loma de Papeles Alto,16_17,PA (2400),PA,2400
Pieris rapae,18,0.1428571492433548,0.7105230093002319,0.4583333333333333,0.3711537444790451,0.7105230229164895,0.1778584392013569,0.8200048880918307,0.009330903127261715,Loma de Papeles Bajo,16_18,PB (2121),PB,2121
Pieris rapae,20,-0.3333333432674408,0.25145217776298523,-1.8333333333333335,-1.1468292773139113,0.2514521865080218,-1.8708333333333724,0.14958625817827287,0.27231602550250467,Purche,16_20,PU (1442),PU,1442
Pieris rapae,21,-0.24444444477558136,0.37109336256980896,-1.4285714285714286,-0.8944271909999159,0.37109336952269756,-1.4940312213039046,0.15553589434662565,0.23506322377538721,Matas Verdes,16_21,MV (1919),MV,1919
Pieris rapae,23,-0.24444444477558136,0.37109336256980896,-1.4285714285714286,-0.8944271909999159,0.37109336952269756,-1.4940312213039046,0.15553589434662565,0.23506322377538721,Robledal Dílar,16_23,DI (1720),DI,1720
Pieris rapae,24,-0.02222222276031971,1,-0.2857142857142857,-0,1,-0.18181818181818185,0.88524791423814,0.002767119244392286,Campos de Otero,16_24,CO (2248),CO,2248
Pieris rapae,32,-0.2777777910232544,0.34808260202407837,-1.6666666666666667,-0.9383148632568366,0.3480826236329239,-1.6980932203390078,0.11926919249085514,0.3102397346938158,Fabriquilla,16_32,FA (992),FA,992
Pieris rapae,33,-0.0555555559694767,0.9169652462005615,-0.41666666666666663,-0.10425720702853739,0.9169652366288644,-0.34324324324325345,0.6715766965371261,0.027193943787832287,Barranco de San Juan,16_33,BSJ (1362),BSJ,1362
Pieris rapae,34,-0.24444444477558136,0.37109336256980896,-1.4285714285714286,-0.8944271909999159,0.37109336952269756,-1.4940312213039046,0.15553589434662565,0.23506322377538721,Catifas,16_34,CAT (1666),CAT,1666
Pieris rapae,35,-0.0714285746216774,0.901538610458374,-0.4857142857142857,-0.12371791482634838,0.9015386266571278,-0.3475609756097769,0.6929391145406276,0.027834177182665315,Praillos,16_35,PRA (1894),PRA,1894
Pieris rapae,36,-0.06666666269302368,1,-0.6666666666666666,-0,1,-0.15710723192020346,0.8566428617116613,0.009190116630428532,Sabinas,16_36,SA (2180),SA,2180
Pieris rapae,45,0.0555555559694767,0.9169652462005615,0.2,0.10425720702853739,0.9169652366288644,-0.10000000000003822,0.9496697764302271,6.109979633406204e-4,Dúrcal,16_45,DU (1950),DU,1950
Pieris rapae,46,0.0555555559694767,0.9169652462005615,0.2,0.10425720702853739,0.9169652366288644,-0.10000000000003822,0.9496697764302271,6.109979633406204e-4,Laguna,16_46,LP (732),LP,732
Pieris rapae,48,0.0555555559694767,0.9169652462005615,0.2,0.10425720702853739,0.9169652366288644,-0.10000000000003822,0.9496697764302271,6.109979633406204e-4,Pitres,16_48,PI (1379),PI,1379
Pieris rapae,49,0.0555555559694767,0.9169652462005615,0.2,0.10425720702853739,0.9169652366288644,-0.10000000000003822,0.9496697764302271,6.109979633406204e-4,Turbera,16_49,TU (745),TU,745
Plebejus argus,21,-0.2777777910232544,0.34808260202407837,-1.380952380952381,-0.9383148632568366,0.3480826236329239,-0.7594594594594707,0.3831130279617462,0.11006091186597355,Matas Verdes,16_21,MV (1919),MV,1919
Plebejus argus,23,-0.20000000298023224,0.47427433729171753,-0.6666666666666666,-0.7155417527999327,0.47427435076732943,-0.478420569329688,0.505303270751565,0.0573136621340016,Robledal Dílar,16_23,DI (1720),DI,1720
Plebejus argus,33,-0.0714285746216774,0.901538610458374,-0.30000000000000004,-0.12371791482634838,0.9015386266571278,-0.22435897435895652,0.7920349133417838,0.012509062688273044,Barranco de San Juan,16_33,BSJ (1362),BSJ,1362
Plebejus argus,34,-0.20000000298023224,0.47427433729171753,-0.6666666666666666,-0.7155417527999327,0.47427435076732943,-0.478420569329688,0.505303270751565,0.0573136621340016,Catifas,16_34,CAT (1666),CAT,1666
Plebejus argus,35,-0.2380952388048172,0.5480055809020996,-1,-0.6007514091861106,0.5480055723613093,-0.15691489361711905,0.8922294915341596,0.004046319372122689,Praillos,16_35,PRA (1894),PRA,1894
Plebejus argus,45,-0.0555555559694767,0.9169652462005615,-0.2857142857142857,-0.10425720702853739,0.9169652366288644,-0.21666666666666018,0.8659694483524738,0.004360165118679088,Dúrcal,16_45,DU (1950),DU,1950
Plebejus idas,14,-0.17978662252426147,0.5295988321304321,-0.42857142857142855,-0.6286185570937122,0.5295988084250076,-0.43636363636373166,0.5556958910131078,0.04513133924900194,Laguna seca,16_14,LS (2282),LS,2282
Plebejus idas,21,-0.1951800137758255,0.6485821604728699,-1,-0.45573271518764996,0.6485821935696237,-0.5928338762213788,0.4379587119597492,0.12430387727221155,Matas Verdes,16_21,MV (1919),MV,1919
Plebejus idas,24,-0.07412493228912354,0.9000040888786316,-0.125,-0.12565617248750865,0.9000040960811826,-0.5117370892018277,0.49590443960911734,0.08048967203895711,Campos de Otero,16_24,CO (2248),CO,2248
Plebejus idas,45,-0.25354626774787903,0.4016781747341156,-0.6875,-0.8386278693775346,0.40167816646977295,-0.3333333333333088,0.699949787921593,0.022522522522520336,Dúrcal,16_45,DU (1950),DU,1950
Polyommatus amandus,23,-0.2142857313156128,0.5361867547035217,-1.5,-0.6185895741317419,0.5361867719001739,-0.9337748344371778,0.33993112883504556,0.15185957515071966,Robledal Dílar,16_23,DI (1720),DI,1720
Polyommatus amandus,45,0,1,0.016666666666666677,-0,1,0.1333333333333194,0.8462810410858718,0.0057485029940109586,Dúrcal,16_45,DU (1950),DU,1950
Polyommatus escheri,16,0.1666666716337204,0.6021676063537598,0.9166666666666667,0.5212860351426869,0.6021675277481959,0.08243243243234324,0.9453777865257578,7.197793269923727e-4,Borreguiles San Juan,16_16,BOSJ (2545),BOSJ,2545
Polyommatus escheri,21,0.0714285746216774,0.901538610458374,1,0.12371791482634838,0.9015386266571278,0.14150943396202212,0.9147993637013387,0.0020705330932469426,Matas Verdes,16_21,MV (1919),MV,1919
Polyommatus escheri,45,0.5,0.07633280754089355,1.6,1.7723725194851356,0.07633274037635716,1.649999999999967,0.06128232223228393,0.41459390862944684,Dúrcal,16_45,DU (1950),DU,1950
Polyommatus golgus,16,-0.20000000298023224,0.8064959049224854,-2,-0.2449489742783178,0.8064959405073402,-1.0573248407642866,0.3117175101165088,0.3292981680429507,Borreguiles San Juan,16_16,BOSJ (2545),BOSJ,2545
Polyommatus icarus,14,0.4285714328289032,0.22955620288848877,6.8,1.2015028183722212,0.22955621387891967,5.601063829786542,0.11902260972999143,0.4138891377379173,Laguna seca,16_14,LS (2282),LS,2282
Polyommatus icarus,16,0.4545454978942871,0.06170666217803955,2.8,1.868397465987655,0.06170669002831272,3.8909090909090986,0.05755686319804859,0.344719608581107,Borreguiles San Juan,16_16,BOSJ (2545),BOSJ,2545
Polyommatus icarus,18,0.46666663885116577,0.25965631008148193,10.333333333333334,1.1272037239532693,0.2596563563704501,5.3458823529419055,0.10237529149835366,0.5269804193805909,Loma de Papeles Bajo,16_18,PB (2121),PB,2121
Polyommatus icarus,20,0.4444444477558136,0.1178508996963501,3,1.563858105428061,0.11785089502136507,3.787499999999901,0.13662005536598065,0.28762218045112314,Purche,16_20,PU (1442),PU,1442
Polyommatus icarus,21,0.4444444477558136,0.1178508996963501,3.083333333333333,1.563858105428061,0.11785089502136507,4.197297297297182,0.0971429381892823,0.34361637863482125,Matas Verdes,16_21,MV (1919),MV,1919
Polyommatus icarus,23,0.46666666865348816,0.07363831996917725,3.1666666666666665,1.7888543819998317,0.07363827012030268,3.7190082644629134,0.07353893915385061,0.3462524935879224,Robledal Dílar,16_23,DI (1720),DI,1720
Polyommatus icarus,24,0.4545454978942871,0.06170666217803955,2.8,1.868397465987655,0.06170669002831272,3.8909090909090986,0.05755686319804859,0.344719608581107,Campos de Otero,16_24,CO (2248),CO,2248
Polyommatus icarus,32,0.3888888955116272,0.17530810832977295,3.5625,1.355343691370986,0.1753080808082735,3.8411016949151655,0.08995890736548191,0.3558465698968451,Fabriquilla,16_32,FA (992),FA,992
Polyommatus icarus,33,0.4444444477558136,0.1178508996963501,3.083333333333333,1.563858105428061,0.11785089502136507,4.197297297297182,0.0971429381892823,0.34361637863482125,Barranco de San Juan,16_33,BSJ (1362),BSJ,1362
Polyommatus icarus,34,0.2380952388048172,0.5480055809020996,3.6,0.6007514091861106,0.5480055723613093,2.062499999999783,0.32102944625453667,0.1951505293339442,Catifas,16_34,CAT (1666),CAT,1666
Polyommatus icarus,35,0.4444444477558136,0.1178508996963501,3.083333333333333,1.563858105428061,0.11785089502136507,4.197297297297182,0.0971429381892823,0.34361637863482125,Praillos,16_35,PRA (1894),PRA,1894
Polyommatus icarus,45,0.3888888955116272,0.17530810832977295,2.857142857142857,1.355343691370986,0.1753080808082735,5.150000000000078,0.09322289428659272,0.35019194092623085,Dúrcal,16_45,DU (1950),DU,1950
Polyommatus icarus,48,0.3888888955116272,0.17530810832977295,2.857142857142857,1.355343691370986,0.1753080808082735,5.150000000000078,0.09322289428659272,0.35019194092623085,Pitres,16_48,PI (1379),PI,1379
Polyommatus icarus,49,0.3888888955116272,0.17530810832977295,2.857142857142857,1.355343691370986,0.1753080808082735,5.150000000000078,0.09322289428659272,0.35019194092623085,Turbera,16_49,TU (745),TU,745
Polyommatus nivescens,21,-0.390360027551651,0.2876112461090088,-1.6666666666666667,-1.0633763354378498,0.2876113200564879,-0.5000000000000984,0.765832171533275,0.019399847094812607,Matas Verdes,16_21,MV (1919),MV,1919
Polyommatus nivescens,23,-0.10540924966335297,1,-1.75,-0,1,-0.23039215686269754,0.9259297052064874,0.0033881199538623777,Robledal Dílar,16_23,DI (1720),DI,1720
Polyommatus nivescens,45,-0.2222222238779068,0.4655121862888336,-1.3666666666666667,-0.7298004491997617,0.46551216987418653,-2.199999999999965,0.31174455899016157,0.14513549533540876,Dúrcal,16_45,DU (1950),DU,1950
Pontia daplidice,14,0.0555555559694767,0.9169652462005615,0.95,0.10425720702853739,0.9169652366288644,0.22258064516150847,0.9137432186710237,0.001798157653220643,Laguna seca,16_14,LS (2282),LS,2282
Pontia daplidice,16,-0.3777777850627899,0.1524062603712082,-3,-1.4310835055998654,0.15240628395674938,-2.7992424242425344,0.07055810499685726,0.35209397923750024,Borreguiles San Juan,16_16,BOSJ (2545),BOSJ,2545
Pontia daplidice,17,-0.0714285746216774,0.901538610458374,-0.6,-0.12371791482634838,0.9015386266571278,-0.01470588235345617,0.9943118276083001,9.203399736506948e-6,Loma de Papeles Alto,16_17,PA (2400),PA,2400
Pontia daplidice,18,-0.3888888955116272,0.17530807852745056,-3.2857142857142856,-1.355343691370986,0.1753080808082735,-2.637254901960747,0.1060838509400138,0.32941874510613445,Loma de Papeles Bajo,16_18,PB (2121),PB,2121
Pontia daplidice,20,-0.2777777910232544,0.34808260202407837,-3.916666666666667,-0.9383148632568366,0.3480826236329239,-2.7458333333333154,0.26979156337585636,0.17021549291358745,Purche,16_20,PU (1442),PU,1442
Pontia daplidice,21,-0.24444444477558136,0.37109336256980896,-2.2222222222222223,-0.8944271909999159,0.37109336952269756,-2.0275482093663935,0.31348768611444255,0.12633554707869973,Matas Verdes,16_21,MV (1919),MV,1919
Pontia daplidice,23,-0.24444444477558136,0.37109336256980896,-2.2222222222222223,-0.8944271909999159,0.37109336952269756,-2.0275482093663935,0.31348768611444255,0.12633554707869973,Robledal Dílar,16_23,DI (1720),DI,1720
Pontia daplidice,24,-0.23636364936828613,0.3502013683319092,-2,-0.9341987329938275,0.35020138917929566,-2.0272727272727247,0.28119526579832027,0.12741877626319537,Campos de Otero,16_24,CO (2248),CO,2248
Pontia daplidice,32,-0.20000000298023224,0.8064959049224854,-5.083333333333334,-0.2449489742783178,0.8064959405073402,-3.3035714285714826,0.3690724830469233,0.2704250948166877,Fabriquilla,16_32,FA (992),FA,992
Pontia daplidice,33,-0.4285714328289032,0.22955621778964996,-5.8,-1.2015028183722212,0.22955621387891967,-5.207236842105155,0.16278867564265914,0.348632038616676,Barranco de San Juan,16_33,BSJ (1362),BSJ,1362
Pontia daplidice,34,-0.2380952388048172,0.5480055809020996,-5.5,-0.6007514091861106,0.5480055723613093,-2.1905940594059947,0.5021348707432696,0.09462493862624664,Catifas,16_34,CAT (1666),CAT,1666
Pontia daplidice,35,-0.46666663885116577,0.2596563398838043,-7.25,-1.1272037239532693,0.2596563563704501,-3.3166666666668605,0.20948147009949486,0.35815320611376716,Praillos,16_35,PRA (1894),PRA,1894
Pontia daplidice,45,0.0555555559694767,0.9169652462005615,0.95,0.10425720702853739,0.9169652366288644,-0.2166666666668507,0.9338112398391325,0.0010574837310213874,Dúrcal,16_45,DU (1950),DU,1950
Pontia daplidice,48,0.0555555559694767,0.9169652462005615,0.95,0.10425720702853739,0.9169652366288644,-0.2166666666668507,0.9338112398391325,0.0010574837310213874,Pitres,16_48,PI (1379),PI,1379
Pontia daplidice,49,0.0555555559694767,0.9169652462005615,0.95,0.10425720702853739,0.9169652366288644,-0.2166666666668507,0.9338112398391325,0.0010574837310213874,Turbera,16_49,TU (745),TU,745
Pyrgus,20,-0.523809552192688,0.13312849402427673,-7,-1.5018785229652765,0.13312848419605985,-6.006849315068563,0.0885753242061418,0.4711149033550872,Purche,16_20,PU (1442),PU,1442
Pyrgus,21,-0.2380952388048172,0.5480055809020996,-3,-0.6007514091861106,0.5480055723613093,-1.6941747572820294,0.6527167572753765,0.0437262971669641,Matas Verdes,16_21,MV (1919),MV,1919
Pyrgus,23,0.0476190485060215,1,2,0,1,1.4452054794519462,0.6835062681007967,0.03603620375376823,Robledal Dílar,16_23,DI (1720),DI,1720
Pyrgus,45,-0.2222222238779068,0.4655121862888336,-1.2916666666666665,-0.7298004491997617,0.46551216987418653,-1.9666666666668067,0.5432771494766208,0.0550849245701122,Dúrcal,16_45,DU (1950),DU,1950
Pyrgus,48,-0.3333333134651184,0.45237037539482117,-1.6666666666666667,-0.7514691493021795,0.45237036067736075,-2.785714285715045,0.35772918616893346,0.2123313168916336,Pitres,16_48,PI (1379),PI,1379
Pyronia bathseba,20,-0.08451542258262634,0.8339354395866394,-0.7142857142857143,-0.20965696734438366,0.833935414088552,-0.29583333333334494,0.8446043204992889,0.005875839239090675,Purche,16_20,PU (1442),PU,1442
Pyronia bathseba,23,0,1,0,-0,1,-0.9937499999998761,0.48280986031616996,0.12988594327984346,Robledal Dílar,16_23,DI (1720),DI,1720
Pyronia bathseba,32,-0.13801309466362,0.848311722278595,-2,-0.19127301391900148,0.8483117025202374,-0.7245901639343495,0.6052143440910533,0.07275530496567893,Fabriquilla,16_32,FA (992),FA,992
Pyronia bathseba,33,-0.028171807527542114,1,-0.25,-0,1,-0.43749999999999045,0.5760748850792066,0.046810233160621544,Barranco de San Juan,16_33,BSJ (1362),BSJ,1362
Pyronia bathseba,34,0,1,2,-0,1,-0.8164062499999997,0.63919351031212,0.08258901560987217,Catifas,16_34,CAT (1666),CAT,1666
Pyronia cecilia,49,-0.036369651556015015,1,-0.7142857142857143,-0,1,-0.7999999999998685,0.7669977660197251,0.015770830124746518,Turbera,16_49,TU (745),TU,745
Pyronia tithonus,20,-0.19999998807907104,0.7071142196655273,-4,-0.3757345746510897,0.7071142312899614,-2.9908814589663155,0.25362407453924474,0.30733368375333187,Purche,16_20,PU (1442),PU,1442
Pyronia tithonus,45,0.2777777910232544,0.3480825424194336,0.6071428571428572,0.9383148632568366,0.3480826236329239,0.8333333333332725,0.3432775636428497,0.12860082304525564,Dúrcal,16_45,DU (1950),DU,1950
Pyronia tithonus,48,0.2777777910232544,0.3480825424194336,0.6071428571428572,0.9383148632568366,0.3480826236329239,0.8333333333332725,0.3432775636428497,0.12860082304525564,Pitres,16_48,PI (1379),PI,1379
Pyronia tithonus,49,0.4000000059604645,0.46243274211883545,2.125,0.7348469228349533,0.4624327264504763,1.358208955223872,0.369661210196367,0.2698624780029966,Turbera,16_49,TU (745),TU,745
Satyrium esculi,45,0.55205237865448,0.18059957027435303,1.5,1.3389110974330103,0.18059961649392414,0.9141630901288182,0.23648054027846682,0.3261586904479267,Dúrcal,16_45,DU (1950),DU,1950
Satyrium esculi,48,0.5455447435379028,0.08090472221374512,1.75,1.745460433339104,0.08090475401191306,1.3418259023354002,0.036125836741154486,0.5464136406418356,Pitres,16_48,PI (1379),PI,1379
Satyrium spini,20,-0.5000000596046448,0.10776229202747345,-3.2666666666666666,-1.6083328927425289,0.10776229039192149,-1.5849056603772802,0.15930242559762037,0.3007501704932835,Purche,16_20,PU (1442),PU,1442
Satyrus actaea,14,-0.11009638011455536,0.6962153315544128,-0.2857142857142857,-0.3904344047215152,0.6962153512437399,-0.37272727272727274,0.6904529787020689,0.018452250274424025,Laguna seca,16_14,LS (2282),LS,2282
Satyrus actaea,16,-0.11009638011455536,0.6962153315544128,-0.2857142857142857,-0.3904344047215152,0.6962153512437399,-0.37272727272727274,0.6904529787020689,0.018452250274424025,Borreguiles San Juan,16_16,BOSJ (2545),BOSJ,2545
Satyrus actaea,17,-0.11009638011455536,0.6962153315544128,-0.2857142857142857,-0.3904344047215152,0.6962153512437399,-0.37272727272727274,0.6904529787020689,0.018452250274424025,Loma de Papeles Alto,16_17,PA (2400),PA,2400
Satyrus actaea,18,-0.08451542258262634,0.8339354395866394,-0.325,-0.20965696734438366,0.833935414088552,-0.0955188679245805,0.9301593411670059,0.0011776298785227974,Loma de Papeles Bajo,16_18,PB (2121),PB,2121
Satyrus actaea,21,-0.14085903763771057,0.674986720085144,-0.4,-0.4193139346887673,0.6749867139704894,-0.6377118644067413,0.3733311262535721,0.11439289105269668,Matas Verdes,16_21,MV (1919),MV,1919
Satyrus actaea,23,-0.1666666716337204,0.602167546749115,-0.4,-0.5212860351426869,0.6021675277481959,-0.5765306122449488,0.3998601126228891,0.10295189504374591,Robledal Dílar,16_23,DI (1720),DI,1720
Satyrus actaea,24,-0.11009638011455536,0.6962153315544128,-0.2857142857142857,-0.3904344047215152,0.6962153512437399,-0.37272727272727274,0.6904529787020689,0.018452250274424025,Campos de Otero,16_24,CO (2248),CO,2248
Satyrus actaea,35,-0.14085903763771057,0.674986720085144,-0.4,-0.4193139346887673,0.6749867139704894,-0.6377118644067413,0.3733311262535721,0.11439289105269668,Praillos,16_35,PRA (1894),PRA,1894
Satyrus actaea,36,-0.1428571492433548,0.7105230093002319,-0.5,-0.3711537444790451,0.7105230229164895,-0.6111111111109756,0.40336895983987103,0.11867108005390348,Sabinas,16_36,SA (2180),SA,2180
Satyrus actaea,45,-0.1666666716337204,0.602167546749115,-0.6428571428571428,-0.5212860351426869,0.6021675277481959,-0.33333333333334303,0.7920962217869384,0.010600706713782247,Dúrcal,16_45,DU (1950),DU,1950
Speyeria aglaja,24,-0.800000011920929,0.08641072362661362,-2.75,-1.7146428199482247,0.08641073297370003,-2.3969072164943914,0.21938393461215328,0.4440485480756534,Campos de Otero,16_24,CO (2248),CO,2248
Thymelicus sylvestris,20,-0.06666666269302368,1,-0.4,-0,1,-0.5060240963858273,0.708072282357657,0.03887746106380211,Purche,16_20,PU (1442),PU,1442
Thymelicus sylvestris,23,-0.0476190485060215,1,-0.3333333333333333,-0,1,-0.3972602739723068,0.7740148527464291,0.018043144784951767,Robledal Dílar,16_23,DI (1720),DI,1720
Thymelicus sylvestris,33,-0.20000000298023224,0.8064959049224854,-1.25,-0.2449489742783178,0.8064959405073402,-0.7123287671230797,0.6129506609593451,0.09546674198556099,Barranco de San Juan,16_33,BSJ (1362),BSJ,1362
Thymelicus sylvestris,45,0.0714285746216774,0.901538610458374,0.25,0.12371791482634838,0.9015386266571278,0.3243243243244448,0.8225569500141743,0.009064965586712737,Dúrcal,16_45,DU (1950),DU,1950
Vanessa cardui,14,0.1428571492433548,0.7638905048370361,1.75,0.3003757045930553,0.7638905934705397,0.5774647887316509,0.9032572883501054,0.0032580234399300647,Laguna seca,16_14,LS (2282),LS,2282
Vanessa cardui,16,-0.1666666716337204,0.602167546749115,-1.5857142857142859,-0.5212860351426869,0.6021675277481959,-1.0833333333333863,0.74621596884138,0.015936660732070337,Borreguiles San Juan,16_16,BOSJ (2545),BOSJ,2545
Vanessa cardui,17,-0.1111111119389534,0.7205147743225098,-1.375,-0.35777087639996635,0.7205147871362553,-1.0239760239761089,0.7481311208423189,0.013622888241620352,Loma de Papeles Alto,16_17,PA (2400),PA,2400
Vanessa cardui,18,0.1111111119389534,0.7544541358947754,1.95,0.3127716210856122,0.754454177494089,2.033333333333139,0.5773694851233175,0.04650087478129747,Loma de Papeles Bajo,16_18,PB (2121),PB,2121
Vanessa cardui,20,-0.06666666269302368,1,-9,-0,1,-1.6326530612242374,0.790964688867814,0.01967763120674721,Purche,16_20,PU (1442),PU,1442
Vanessa cardui,21,-0.15555556118488312,0.5915049910545349,-1.5,-0.5366563145999494,0.5915050369949166,-0.30486685032125754,0.9233974000809032,0.0012293018158109046,Matas Verdes,16_21,MV (1919),MV,1919
Vanessa cardui,23,-0.0476190485060215,1,-1.5,-0,1,1.1431718061663865,0.8059078530095177,0.013245806559206664,Robledal Dílar,16_23,DI (1720),DI,1720
Vanessa cardui,24,-0.2222222238779068,0.4655121862888336,-1.7000000000000002,-0.7298004491997617,0.46551216987418653,-0.2908163265304459,0.9310421227413844,0.0011479909839763895,Campos de Otero,16_24,CO (2248),CO,2248
Vanessa cardui,35,-0.4000000059604645,0.46243271231651306,-13.666666666666668,-0.7348469228349533,0.4624327264504763,-4.89772727272717,0.4043766873953995,0.23806478567104655,Praillos,16_35,PRA (1894),PRA,1894
Vanessa cardui,36,-0.2222222238779068,0.4655121862888336,-1.7000000000000002,-0.7298004491997617,0.46551216987418653,-0.3518518518519448,0.917890455287509,0.0016289437585743328,Sabinas,16_36,SA (2180),SA,2180
Vanessa cardui,45,-0.20000000298023224,0.8064959049224854,-3.75,-0.2449489742783178,0.8064959405073402,-6.2000000000002276,0.5113235552581868,0.15545131025558526,Dúrcal,16_45,DU (1950),DU,1950
Vanessa cardui,48,0.3888888955116272,0.17530810832977295,5.775,1.355343691370986,0.1753080808082735,5.149999999999878,0.16492744317823416,0.255670498768252,Pitres,16_48,PI (1379),PI,1379
Vanessa cardui,49,0.46666663885116577,0.25965631008148193,13.6,1.1272037239532693,0.2596563563704501,5.789999999999909,0.3608436450645589,0.20991265145107907,Turbera,16_49,TU (745),TU,745
Zerynthia rumina,20,-1,0.027486341074109077,-10.625,-2.2045407685048604,0.02748633611151034,-7.701754385964369,0.014936366742101123,0.8949365207619213,Purche,16_20,PU (1442),PU,1442
Zerynthia rumina,48,-0.0714285746216774,0.901538610458374,-0.6,-0.12371791482634838,0.9015386266571278,-0.46396396396411205,0.8482065019223898,0.006612008064798028,Pitres,16_48,PI (1379),PI,1379
